Variable,Supplier_Lead_Time,Inventory_Levels,Order_Frequency,Delivery_Performance,Cost_Per_Unit
Supplier_Lead_Time,1.000000,0.384114,-0.916297,-0.921210,0.964006
Inventory_Levels,0.384114,1.000000,-0.300010,-0.372802,0.372710
Order_Frequency,-0.916297,-0.300010,1.000000,0.802189,-0.872218
Delivery_Performance,-0.921210,-0.372802,0.802189,1.000000,-0.929879
Cost_Per_Unit,0.964006,0.372710,-0.872218,-0.929879,1.000000
